samples_per_state,design,worst_lcvar5,equal_state_mean_eta
2000,Equal-state mean joint,0.04645995136203815,0.33689575154248785
2000,Proposed robust joint,0.09656890424968491,0.26220412329734055
5000,Equal-state mean joint,0.04627125866629259,0.3380897253109023
5000,Proposed robust joint,0.09969408592464367,0.2625820993047711
10000,Equal-state mean joint,0.0474530857399064,0.3377776939438429
10000,Proposed robust joint,0.10108966772066143,0.26240591560582904
20000,Equal-state mean joint,0.048055892339187424,0.3381283701201334
20000,Proposed robust joint,0.10229883021034211,0.26266358105710935
40000,Equal-state mean joint,0.04564477628853438,0.33803147699249114
40000,Proposed robust joint,0.10039159547694969,0.2625521027461928
