trial,design,worst_state_lcvar5,equal_state_mean_eta,worst_state_p5
1,Centroid-fixed,0.04841338078102553,0.2544326066414832,0.06933734246967588
1,Bias-cancelled,0.08020584506200791,0.2744547356915805,0.11110912894852892
1,Divergence-only robust,0.08525872397816793,0.22687125375416195,0.10852977294781578
1,Center-only robust,0.10170773904247879,0.2727459416781921,0.12907067916306733
1,Equal-state mean joint,0.044741102658978564,0.338164672829419,0.07395830124705736
1,Proposed robust joint,0.10169216188061293,0.2624076938752352,0.12756231185958763
2,Centroid-fixed,0.048121737240017025,0.25404119986849394,0.0697142087771863
2,Bias-cancelled,0.0808475126799843,0.2742525270235534,0.11109164138772369
2,Divergence-only robust,0.08859088933193414,0.22716907292302924,0.11164896511182655
2,Center-only robust,0.09906887784419635,0.2725139163406496,0.12926904708824427
2,Equal-state mean joint,0.04872184198330769,0.3386831148245512,0.07924074028115433
2,Proposed robust joint,0.09909239140871477,0.26235296115569856,0.12576658511734848
3,Centroid-fixed,0.04914241893839735,0.25416663868981954,0.07054019758821657
3,Bias-cancelled,0.08169605261435486,0.274186919162966,0.11147765636343276
3,Divergence-only robust,0.08746322357602855,0.2271099969087647,0.11104212904089153
3,Center-only robust,0.09828683591904863,0.2723412855726517,0.1275714157299879
3,Equal-state mean joint,0.045761597409953614,0.3373266711530568,0.07615393702650307
3,Proposed robust joint,0.10040547123715307,0.2628022274541797,0.1257881889844441
4,Centroid-fixed,0.04996461090077897,0.2543561481505578,0.07027831784399746
4,Bias-cancelled,0.08173712662506741,0.27430477842109846,0.11165479834264788
4,Divergence-only robust,0.08764764829845699,0.22719715169320778,0.11041988182672098
4,Center-only robust,0.09752103254345418,0.272110723323784,0.12796924488435735
4,Equal-state mean joint,0.046649620992874376,0.3379373166248635,0.0760405088559749
4,Proposed robust joint,0.09941377529817698,0.26254967742113067,0.1279296273378432
5,Centroid-fixed,0.048101807865945805,0.2541117294639636,0.07098913253192736
5,Bias-cancelled,0.08199484773094247,0.27435255265533404,0.11226402884474558
5,Divergence-only robust,0.08744270116204043,0.22781088431490845,0.11027771724679099
5,Center-only robust,0.10249740546993655,0.2724404436394335,0.12781797471860532
5,Equal-state mean joint,0.044091692080194846,0.3381383857313227,0.07427617294737714
5,Proposed robust joint,0.10041179353746099,0.2627284797921451,0.1264110712757771
6,Centroid-fixed,0.04925688983770736,0.25425957794840615,0.0711347389316836
6,Bias-cancelled,0.08126656458550363,0.2744543216522941,0.11175363542969131
6,Divergence-only robust,0.08896888109865275,0.22724982946181654,0.111946144644772
6,Center-only robust,0.10088402244015214,0.272504684131028,0.12688116627341436
6,Equal-state mean joint,0.04451990122964737,0.33750872848407204,0.07512985096056306
6,Proposed robust joint,0.10010188105517347,0.2622415935340844,0.12639527486214375
7,Centroid-fixed,0.049268318167749243,0.25436050517556275,0.07115216397079278
7,Bias-cancelled,0.08329455091023744,0.27455931666412764,0.1121805233345544
7,Divergence-only robust,0.08865415355681909,0.2270454744899042,0.11178011640930004
7,Center-only robust,0.09962086217953292,0.2723665849562893,0.1290019853850877
7,Equal-state mean joint,0.046496167626434756,0.33771828722919406,0.07637101104325264
7,Proposed robust joint,0.10260524735783008,0.2625680730150486,0.12745067341386268
8,Centroid-fixed,0.048145610400604666,0.25415511061614754,0.06993351980239271
8,Bias-cancelled,0.08302695698586735,0.2746638716057152,0.1136463609325116
8,Divergence-only robust,0.08765495240051906,0.22733428435605763,0.11163480399336241
8,Center-only robust,0.09948867119055185,0.2716617399444353,0.12808670024775032
8,Equal-state mean joint,0.0470582539611794,0.3372397913036557,0.07688075930833085
8,Proposed robust joint,0.10199241693541922,0.26253665172173285,0.12634745497835514
9,Centroid-fixed,0.04980357278496053,0.2542634542817541,0.07084540373201677
9,Bias-cancelled,0.08099745069570449,0.27429350170242417,0.11130410122413432
9,Divergence-only robust,0.08820856268712161,0.22751788002443635,0.11040762232619435
9,Center-only robust,0.0973912014113174,0.2724337074612646,0.12863672230346465
9,Equal-state mean joint,0.04553141017305124,0.3375897244876477,0.07448477932742022
9,Proposed robust joint,0.09961697089914119,0.26267153608828936,0.12866492869949342
10,Centroid-fixed,0.04841285269433435,0.2548447698136718,0.06965327511828036
10,Bias-cancelled,0.08137835737461954,0.2738682642798338,0.11062138891394523
10,Divergence-only robust,0.08838557324413587,0.22700474422258815,0.11105495096414025
10,Center-only robust,0.0984792789920791,0.2722175945291084,0.1282014546071907
10,Equal-state mean joint,0.04625728313857276,0.33801020264966797,0.07699859365923861
10,Proposed robust joint,0.1020204919841226,0.26247983002125447,0.1274877745661746
