design,metric,mean,sd,ci95_low,ci95_high,n_trials
Centroid-fixed,worst_state_lcvar5,0.04886311996115208,0.0007105594338721144,0.04835481639960959,0.049371423522694566,10
Centroid-fixed,equal_state_mean_eta,0.25429917406498603,0.00022738522082294685,0.25413651248866076,0.2544618356413113,10
Centroid-fixed,worst_state_p5,0.07035783007661697,0.0006701977236931747,0.0698783995411099,0.07083726061212405,10
Bias-cancelled,worst_state_lcvar5,0.08164452652642894,0.0009489814954902446,0.08096566610884644,0.08232338694401144,10
Bias-cancelled,equal_state_mean_eta,0.27433907888589276,0.0002202014040615839,0.27418155630212915,0.2744966014696564,10
Bias-cancelled,worst_state_p5,0.11171032637219155,0.0008452487412258088,0.11110567189140717,0.11231498085297593,10
Divergence-only robust,worst_state_lcvar5,0.08782753093338765,0.0010523530096868431,0.08707472299456566,0.08858033887220963,10
Divergence-only robust,equal_state_mean_eta,0.22723105721488746,0.0002716695936707363,0.22703671650889876,0.22742539792087615,10
Divergence-only robust,worst_state_p5,0.11087421045118148,0.00102662499667554,0.11013980722281953,0.11160861367954343,10
Center-only robust,worst_state_lcvar5,0.09949459270327479,0.001727276643343671,0.09825897351685954,0.10073021188969004,10
Center-only robust,equal_state_mean_eta,0.2723336621576837,0.00029229375298970444,0.2721245678179581,0.2725427564974093,10
Center-only robust,worst_state_p5,0.128250639040117,0.0007494945302542596,0.12771448299049734,0.12878679508973664,10
Equal-state mean joint,worst_state_lcvar5,0.04598288712541946,0.0013724814229815418,0.04500107313183031,0.046964701119008606,10
Equal-state mean joint,equal_state_mean_eta,0.337831689531745,0.00044146065119701,0.3375158876289239,0.3381474914345661,10
Equal-state mean joint,worst_state_p5,0.07595346546568722,0.001584992902503095,0.07481962992856465,0.07708730100280979,10
Proposed robust joint,worst_state_lcvar5,0.10073526015938054,0.00124522413634251,0.09984448053807235,0.10162603978068874,10
Proposed robust joint,equal_state_mean_eta,0.2625338724078799,0.0001723247519573859,0.262410598715369,0.2626571461003908,10
Proposed robust joint,worst_state_p5,0.12698038910950302,0.000972837580495338,0.12628446307799085,0.12767631514101518,10
