sigma_major_m,design,worst_lcvar5,equal_state_mean_eta
0.02,Equal-state mean joint,0.12366096566602672,0.3585484064226049
0.02,Proposed robust joint,0.13291212887396106,0.27695364030096437
0.03,Equal-state mean joint,0.06692482856258658,0.34533405691286834
0.03,Proposed robust joint,0.11410440134784738,0.2678232028406626
0.035,Equal-state mean joint,0.046103593213900146,0.33788956924040636
0.035,Proposed robust joint,0.10011816545664398,0.2623270130282581
0.04,Equal-state mean joint,0.030599684305503833,0.32993393755045375
0.04,Proposed robust joint,0.08186466198650331,0.2566336917404668
0.05,Equal-state mean joint,0.012603056727519648,0.310523471788348
0.05,Proposed robust joint,0.05007764906686062,0.24352885408500674
0.06,Equal-state mean joint,0.003988303494427206,0.29024233129235044
0.06,Proposed robust joint,0.02559388751321897,0.22989026119643116
