sigma_ln,design,worst_lcvar5,equal_state_mean_eta
0.15,Equal-state mean joint,0.04918717352475984,0.3378817386994572
0.15,Proposed robust joint,0.11210436061106567,0.26249486301542413
0.25,Equal-state mean joint,0.047980783090123186,0.33773103327664356
0.25,Proposed robust joint,0.10731895735447756,0.2622373241240659
0.38,Equal-state mean joint,0.045270498558044284,0.3384397917258752
0.38,Proposed robust joint,0.09992636058821452,0.26269770381233654
0.5,Equal-state mean joint,0.04259887563764105,0.33709495454840555
0.5,Proposed robust joint,0.090536366776692,0.26203434733864106
0.65,Equal-state mean joint,0.038156505241679406,0.33823642927792213
0.65,Proposed robust joint,0.07824579748367651,0.26248188133481887
